time,q,x
14/11/2018 00:00,48.6004,45.0344
14/11/2018 00:03,50.6826,52.153
14/11/2018 00:06,51.3731,53.2841
14/11/2018 00:09,50.8351,53.5785
14/11/2018 00:12,50.1721,53.839897
14/11/2018 00:15,49.7104,53.6409
14/11/2018 00:18,49.4557,53.7224
14/11/2018 00:21,49.0871,53.7182
14/11/2018 00:24,48.8762,53.7914
14/11/2018 00:27,48.6801,53.739998
14/11/2018 00:30,48.5581,53.8801
14/11/2018 00:33,48.3933,53.9393
14/11/2018 00:36,48.049,53.8466
14/11/2018 00:39,47.8863,53.972298
14/11/2018 00:42,47.5018,53.8248
14/11/2018 00:45,47.6354,45.5243
14/11/2018 00:48,48.1113,44.86133
14/11/2018 00:51,49.1528,52.8511
14/11/2018 00:54,50.3242,53.3704
14/11/2018 00:57,50.3197,53.4622
14/11/2018 01:00,50.1607,53.417603
14/11/2018 01:03,50.0706,53.5002
14/11/2018 01:06,49.8037,53.4874
14/11/2018 01:09,49.4123,53.6227
14/11/2018 01:12,49.3228,53.527
14/11/2018 01:15,49.4369,53.7007
14/11/2018 01:18,49.7143,53.7369
14/11/2018 01:21,49.7998,53.807503
14/11/2018 01:24,49.9525,53.7567
14/11/2018 01:27,50.041,53.8499
14/11/2018 01:30,50.0002,53.903297
14/11/2018 01:33,50.5298,45.4181
14/11/2018 01:36,51.5836,45.2411
14/11/2018 01:39,54.3374,53.3359
14/11/2018 01:42,55.0498,54.156998
14/11/2018 01:45,54.726,54.0074
14/11/2018 01:48,54.1191,54.152397
14/11/2018 01:51,53.4468,54.1401
14/11/2018 01:54,53.0965,54.1621
14/11/2018 01:57,52.7021,54.2769
14/11/2018 02:00,52.4219,54.2696
14/11/2018 02:03,52.2101,54.3534
14/11/2018 02:06,52.0833,54.4281
14/11/2018 02:09,51.6727,54.4314
14/11/2018 02:12,51.4913,54.5094
14/11/2018 02:15,51.8144,45.9001
14/11/2018 02:18,52.5452,44.71479
14/11/2018 02:21,55.681,44.8139
14/11/2018 02:24,57.4545,54.2651
14/11/2018 02:27,57.3552,54.806297
14/11/2018 02:30,56.7781,54.7172
14/11/2018 02:33,56.1091,54.7409
14/11/2018 02:36,55.3307,54.8527
14/11/2018 02:39,54.5482,54.9843
14/11/2018 02:42,54.1243,55.0287
14/11/2018 02:45,53.6981,55.1067
14/11/2018 02:48,53.3681,55.290703
14/11/2018 02:51,52.9851,53.612
14/11/2018 02:54,53.3369,45.4294
14/11/2018 02:57,54.5508,44.67292
14/11/2018 03:00,56.6942,54.143402
14/11/2018 03:03,57.964,54.4119
14/11/2018 03:06,57.4581,54.7457
14/11/2018 03:09,56.3594,54.975098
14/11/2018 03:12,55.3949,54.9887
14/11/2018 03:15,54.643,55.1694
14/11/2018 03:18,53.956,55.136497
14/11/2018 03:21,53.5763,55.334
14/11/2018 03:24,53.3946,45.5811
14/11/2018 03:27,53.8669,44.9138
14/11/2018 03:30,55.316,55.086
14/11/2018 03:33,57.3541,55.384003
14/11/2018 03:36,57.9425,55.3046
14/11/2018 03:39,56.9272,55.5064
14/11/2018 03:42,55.5678,55.5807
14/11/2018 03:45,54.6905,55.7986
14/11/2018 03:48,53.9546,56.036697
14/11/2018 03:51,53.2836,56.0597
14/11/2018 03:54,52.898,55.989098
14/11/2018 03:57,52.4494,55.9103
14/11/2018 04:00,52.0564,48.0978
14/11/2018 04:03,52.3713,54.372902
14/11/2018 04:06,53.1639,55.5276
14/11/2018 04:09,53.8259,55.1884
14/11/2018 04:12,53.0584,55.454002
14/11/2018 04:15,52.0924,55.5722
14/11/2018 04:18,51.1632,55.5834
14/11/2018 04:21,50.4166,55.8981
14/11/2018 04:24,49.7501,55.8447
14/11/2018 04:27,49.3596,55.7414
14/11/2018 04:30,49.0536,55.8777
14/11/2018 04:33,48.6828,45.5892
14/11/2018 04:36,48.8255,44.92837
14/11/2018 04:39,49.9297,54.239
14/11/2018 04:42,51.3903,54.7318
14/11/2018 04:45,51.2366,54.6904
14/11/2018 04:48,50.4444,54.7672
14/11/2018 04:51,49.6638,54.857903
14/11/2018 04:54,48.8807,55.093002
14/11/2018 04:57,48.1574,55.2
14/11/2018 05:00,47.5491,55.236298
14/11/2018 05:03,47.0477,55.3765
14/11/2018 05:06,47.2566,46.2377
14/11/2018 05:09,48.2572,45.007202
14/11/2018 05:12,50.6846,44.81172
14/11/2018 05:15,54.1154,44.77495
14/11/2018 05:18,56.2238,44.67509
14/11/2018 05:21,57.3226,44.697098
14/11/2018 05:24,58.9061,44.80326
14/11/2018 05:27,60.8169,45.1506
14/11/2018 05:30,62.4848,44.83096
14/11/2018 05:33,64.5997,44.76686
14/11/2018 05:36,66.5727,44.86159
14/11/2018 05:39,68.544,44.91236
14/11/2018 05:42,69.5875,55.547
14/11/2018 05:45,69.7774,56.1659
14/11/2018 05:48,69.1142,55.7406
14/11/2018 05:51,68.0986,55.7563
14/11/2018 05:54,67.0486,56.5718
14/11/2018 05:57,66.6075,46.3371
14/11/2018 06:00,67.0303,45.1456
14/11/2018 06:03,72.0184,55.654602
14/11/2018 06:06,73.1353,56.6653
14/11/2018 06:09,71.7951,56.222603
14/11/2018 06:12,70.2058,56.745598
14/11/2018 06:15,68.2847,56.9665
14/11/2018 06:18,66.7668,57.263397
14/11/2018 06:21,65.5111,56.7246
14/11/2018 06:24,64.8891,56.9271
14/11/2018 06:27,64.836,46.1536
14/11/2018 06:30,65.7451,45.7984
14/11/2018 06:33,68.59,55.4601
14/11/2018 06:36,69.8151,56.691902
14/11/2018 06:39,69.1288,56.490402
14/11/2018 06:42,68.7289,45.655502
14/11/2018 06:45,68.3527,44.97124
14/11/2018 06:48,71.1284,54.378
14/11/2018 06:51,72.3784,56.9398
14/11/2018 06:54,71.579,56.616898
14/11/2018 06:57,70.0144,57.1726
14/11/2018 07:00,68.2658,57.3978
14/11/2018 07:03,66.9366,57.406
14/11/2018 07:06,65.8183,57.414803
14/11/2018 07:09,64.7823,57.6912
14/11/2018 07:12,63.9302,57.7686
14/11/2018 07:15,63.1088,57.5913
14/11/2018 07:18,62.2954,57.7657
14/11/2018 07:21,62.162,46.3035
14/11/2018 07:24,62.873,44.56241
14/11/2018 07:27,67.6845,55.801598
14/11/2018 07:30,69.0916,56.4328
14/11/2018 07:33,67.55,56.5923
14/11/2018 07:36,65.6007,57.119102
14/11/2018 07:39,63.5867,57.3937
14/11/2018 07:42,61.7258,57.665
14/11/2018 07:45,60.6119,57.6836
14/11/2018 07:48,59.8324,57.1883
14/11/2018 07:51,59.167,57.135597
14/11/2018 07:54,58.9123,57.201797
14/11/2018 07:57,58.6321,46.0235
14/11/2018 08:00,58.7556,45.431
14/11/2018 08:03,60.4909,54.8003
14/11/2018 08:06,63.157,55.253098
14/11/2018 08:09,63.3084,55.6047
14/11/2018 08:12,62.1378,56.0382
14/11/2018 08:15,60.8069,56.067802
14/11/2018 08:18,59.6495,56.097
14/11/2018 08:21,58.6338,56.5265
14/11/2018 08:24,58.1261,56.4678
14/11/2018 08:27,57.5401,56.6699
14/11/2018 08:30,56.8391,56.612198
14/11/2018 08:33,56.7294,44.602318
14/11/2018 08:36,57.1321,44.65094
14/11/2018 08:39,59.7735,46.9621
14/11/2018 08:42,62.5241,55.796303
14/11/2018 08:45,62.8569,56.5097
14/11/2018 08:48,61.8967,56.1988
14/11/2018 08:51,60.1974,44.74899
14/11/2018 08:54,59.7243,43.818268
14/11/2018 08:57,62.0106,54.551003
14/11/2018 09:00,64.8272,55.3841
14/11/2018 09:03,64.767,44.56372
14/11/2018 09:06,64.9945,43.33018
14/11/2018 09:09,67.1058,53.3469
14/11/2018 09:12,68.3443,58.272
14/11/2018 09:15,67.0135,60.2206
14/11/2018 09:18,65.9247,45.290398
14/11/2018 09:21,65.5208,44.17727
14/11/2018 09:24,68.726,43.39479
14/11/2018 09:27,70.8685,58.9355
14/11/2018 09:30,69.7993,60.3493
14/11/2018 09:33,67.1127,49.6828
14/11/2018 09:36,66.012,44.00679
14/11/2018 09:39,65.6348,50.1824
14/11/2018 09:42,69.9417,56.137
14/11/2018 09:45,70.4134,59.694298
14/11/2018 09:48,68.3097,60.3257
14/11/2018 09:51,66.0997,60.3599
14/11/2018 09:54,63.327,60.3599
14/11/2018 09:57,60.7865,60.3599
14/11/2018 10:00,58.4392,60.3599
14/11/2018 10:03,58.14,45.9183
14/11/2018 10:06,59.0575,47.4478
14/11/2018 10:09,63.6438,54.5825
14/11/2018 10:12,64.207,55.244102
14/11/2018 10:15,63.0823,55.1044
14/11/2018 10:18,63.7346,44.54575
14/11/2018 10:21,63.3663,55.2681
14/11/2018 10:24,62.8019,56.0648
14/11/2018 10:27,63.6057,44.52095
14/11/2018 10:30,63.007,55.3061
14/11/2018 10:33,62.6809,55.9119
14/11/2018 10:36,61.3821,56.2211
14/11/2018 10:39,60.4367,56.276
14/11/2018 10:42,59.6365,56.1735
14/11/2018 10:45,58.9546,56.1966
14/11/2018 10:48,58.2059,56.310303
14/11/2018 10:51,57.4456,56.321503
14/11/2018 10:54,57.9607,44.71661
14/11/2018 10:57,59.8156,54.8698
14/11/2018 11:00,60.7125,55.5919
14/11/2018 11:03,59.7529,55.9388
14/11/2018 11:06,58.7615,56.202103
14/11/2018 11:09,59.1546,44.461952
14/11/2018 11:12,61.1636,43.18884
14/11/2018 11:15,63.0135,54.8923
14/11/2018 11:18,62.7018,55.408
14/11/2018 11:21,61.5791,55.652702
14/11/2018 11:24,61.0353,49.5734
14/11/2018 11:27,62.8376,43.613518
14/11/2018 11:30,65.0867,54.8519
14/11/2018 11:33,64.4589,55.4991
14/11/2018 11:36,63.1641,55.6199
14/11/2018 11:39,62.516,44.48291
14/11/2018 11:42,63.5032,54.8406
14/11/2018 11:45,63.6895,55.7359
14/11/2018 11:48,62.6897,55.4733
14/11/2018 11:51,61.8219,48.279
14/11/2018 11:54,63.6886,43.43878
14/11/2018 11:57,65.0238,54.6566
14/11/2018 12:00,64.6075,55.6364
14/11/2018 12:03,63.5198,55.401802
14/11/2018 12:06,62.7107,56.0291
14/11/2018 12:09,63.5849,44.1487
14/11/2018 12:12,64.6045,57.0167
14/11/2018 12:15,63.5462,57.6112
14/11/2018 12:18,62.4225,57.2384
14/11/2018 12:21,61.1064,58.011803
14/11/2018 12:24,60.3073,45.7795
14/11/2018 12:27,62.4386,43.05788
14/11/2018 12:30,64.2393,56.7518
14/11/2018 12:33,63.4584,57.3414
14/11/2018 12:36,61.7979,57.216103
14/11/2018 12:39,60.6733,57.9429
14/11/2018 12:42,61.1089,44.26732
14/11/2018 12:45,63.3711,43.11711
14/11/2018 12:48,63.3048,56.7886
14/11/2018 12:51,61.9953,57.271202
14/11/2018 12:54,61.0756,57.7912
14/11/2018 12:57,60.331,57.9608
14/11/2018 13:00,62.1186,44.18462
14/11/2018 13:03,64.4482,42.88302
14/11/2018 13:06,66.3067,42.92026
14/11/2018 13:09,66.9519,56.5536
14/11/2018 13:12,65.9707,57.3022
14/11/2018 13:15,64.9397,57.1108
14/11/2018 13:18,63.417,57.9076
14/11/2018 13:21,62.4009,54.359802
14/11/2018 13:24,63.8966,43.82574
14/11/2018 13:27,65.0879,56.2925
14/11/2018 13:30,63.8143,57.7045
14/11/2018 13:33,62.3444,57.737602
14/11/2018 13:36,61.4205,57.8903
14/11/2018 13:39,60.876,51.4312
14/11/2018 13:42,62.6287,43.43755
14/11/2018 13:45,65.0091,42.68754
14/11/2018 13:48,64.9288,56.533897
14/11/2018 13:51,64.1795,57.3813
14/11/2018 13:54,63.2074,57.6142
14/11/2018 13:57,62.1691,57.7804
14/11/2018 14:00,62.7607,44.29676
14/11/2018 14:03,64.403,55.4758
14/11/2018 14:06,63.9457,57.7552
14/11/2018 14:09,62.3383,57.708298
14/11/2018 14:12,61.1391,57.7915
14/11/2018 14:15,59.9081,58.0075
14/11/2018 14:18,61.6401,44.05919
14/11/2018 14:21,63.8832,42.84783
14/11/2018 14:24,63.8555,56.5005
14/11/2018 14:27,62.6838,57.5312
14/11/2018 14:30,61.2696,57.8218
14/11/2018 14:33,59.872,57.8037
14/11/2018 14:36,58.5283,57.9059
14/11/2018 14:39,59.5679,44.21062
14/11/2018 14:42,61.1669,42.8649
14/11/2018 14:45,60.2394,56.6143
14/11/2018 14:48,58.807,57.418503
14/11/2018 14:51,57.6249,57.819702
14/11/2018 14:54,56.458,57.8301
14/11/2018 14:57,56.0998,44.17973
14/11/2018 15:00,57.9353,43.05653
14/11/2018 15:03,57.8931,56.4977
14/11/2018 15:06,56.505,57.9974
14/11/2018 15:09,55.2608,57.8914
14/11/2018 15:12,54.1919,57.929
14/11/2018 15:15,55.3476,44.34131
14/11/2018 15:18,56.7995,54.4927
14/11/2018 15:21,56.595,55.5295
14/11/2018 15:24,55.5395,55.6562
14/11/2018 15:27,54.9588,55.764603
14/11/2018 15:30,56.1231,44.1516
14/11/2018 15:33,57.9082,45.5675
14/11/2018 15:36,57.5228,54.7754
14/11/2018 15:39,57.0542,55.7887
14/11/2018 15:42,56.3556,55.817497
14/11/2018 15:45,55.6089,55.775497
14/11/2018 15:48,55.2394,55.8307
14/11/2018 15:51,54.6945,55.8179
14/11/2018 15:54,54.1428,55.8743
14/11/2018 15:57,54.7607,43.94377
14/11/2018 16:00,57.0265,42.41747
14/11/2018 16:03,58.7706,53.998398
14/11/2018 16:06,57.994,56.668198
14/11/2018 16:09,57.1745,56.5968
14/11/2018 16:12,56.5075,56.6026
14/11/2018 16:15,55.7259,56.571503
14/11/2018 16:18,54.9916,56.660698
14/11/2018 16:21,54.3088,56.815002
14/11/2018 16:24,53.5358,56.874397
14/11/2018 16:27,52.7631,56.8265
14/11/2018 16:30,52.0135,56.8593
14/11/2018 16:33,52.2993,45.4444
14/11/2018 16:36,54.4134,44.31568
14/11/2018 16:39,56.7426,44.40852
14/11/2018 16:42,58.4222,44.55782
14/11/2018 16:45,58.3851,55.7501
14/11/2018 16:48,57.7752,56.817497
14/11/2018 16:51,56.9312,56.675697
14/11/2018 16:54,56.1281,56.8023
14/11/2018 16:57,55.3956,56.896797
14/11/2018 17:00,54.7526,56.9048
14/11/2018 17:03,54.1133,56.8804
14/11/2018 17:06,53.601,50.4201
14/11/2018 17:09,54.7939,44.83187
14/11/2018 17:12,57.4079,55.2054
14/11/2018 17:15,57.3726,56.828102
14/11/2018 17:18,56.0929,56.7579
14/11/2018 17:21,55.1842,56.6248
14/11/2018 17:24,54.2278,56.8303
14/11/2018 17:27,53.6775,56.8905
14/11/2018 17:30,52.9199,57.0849
14/11/2018 17:33,52.1447,56.9571
14/11/2018 17:36,52.3609,45.5535
14/11/2018 17:39,54.6449,44.301758
14/11/2018 17:42,57.5846,44.73528
14/11/2018 17:45,58.834,44.52798
14/11/2018 17:48,59.6015,56.2866
14/11/2018 17:51,58.9964,57.1501
14/11/2018 17:54,57.8345,57.1694
14/11/2018 17:57,56.8937,57.1687
14/11/2018 18:00,56.0718,57.4053
14/11/2018 18:03,55.39,57.4205
14/11/2018 18:06,54.5862,57.4818
14/11/2018 18:09,53.8075,57.4283
14/11/2018 18:12,53.8468,45.4882
14/11/2018 18:15,55.5489,44.31285
14/11/2018 18:18,58.9105,44.545288
14/11/2018 18:21,60.1443,44.38049
14/11/2018 18:24,59.1468,57.0752
14/11/2018 18:27,58.2505,57.677902
14/11/2018 18:30,57.2151,58.0523
14/11/2018 18:33,56.103,58.1967
14/11/2018 18:36,55.0543,58.2321
14/11/2018 18:39,53.8389,58.2159
14/11/2018 18:42,52.8069,58.3105
14/11/2018 18:45,51.7582,58.409798
14/11/2018 18:48,50.9397,59.1202
14/11/2018 18:51,51.3467,45.816
14/11/2018 18:54,53.3094,44.795
14/11/2018 18:57,56.4077,54.5987
14/11/2018 19:00,55.8652,55.79
14/11/2018 19:03,54.742,55.6727
14/11/2018 19:06,53.9424,55.649498
14/11/2018 19:09,53.5531,55.6967
14/11/2018 19:12,52.9937,55.9684
14/11/2018 19:15,52.4021,55.9562
14/11/2018 19:18,51.9184,56.0499
14/11/2018 19:21,51.3923,55.9646
14/11/2018 19:24,50.7374,56.1507
14/11/2018 19:27,50.1613,56.1873
14/11/2018 19:30,50.7792,45.5035
14/11/2018 19:33,53.0637,44.60213
14/11/2018 19:36,55.7789,44.52018
14/11/2018 19:39,57.0717,44.39085
14/11/2018 19:42,56.5614,56.9553
14/11/2018 19:45,55.7433,57.789803
14/11/2018 19:48,54.4766,58.169502
14/11/2018 19:51,53.2913,58.2032
14/11/2018 19:54,51.9032,57.4263
14/11/2018 19:57,50.8188,57.7349
14/11/2018 20:00,49.9628,57.6922
14/11/2018 20:03,49.084,57.6855
14/11/2018 20:06,48.0318,57.8944
14/11/2018 20:09,47.4062,57.8857
14/11/2018 20:12,47.9847,45.6239
14/11/2018 20:15,50.3154,44.50478
14/11/2018 20:18,53.6325,44.39107
14/11/2018 20:21,55.0534,44.57119
14/11/2018 20:24,54.5599,56.370598
14/11/2018 20:27,54.0706,56.905197
14/11/2018 20:30,53.0176,57.3158
14/11/2018 20:33,51.9049,57.5132
14/11/2018 20:36,50.9258,57.5205
14/11/2018 20:39,50.0105,57.6541
14/11/2018 20:42,49.0944,57.675697
14/11/2018 20:45,48.1084,57.792603
14/11/2018 20:48,47.9562,45.8326
14/11/2018 20:51,48.6255,44.90628
14/11/2018 20:54,51.7372,52.513
14/11/2018 20:57,52.2308,53.5344
14/11/2018 21:00,50.9762,53.546402
14/11/2018 21:03,50.3645,53.7378
14/11/2018 21:06,49.8806,55.8804
14/11/2018 21:09,49.3398,56.2269
14/11/2018 21:12,48.4662,56.1873
14/11/2018 21:15,47.6047,56.119698
14/11/2018 21:18,48.4671,45.9833
14/11/2018 21:21,48.7964,56.1278
14/11/2018 21:24,49.1968,45.887
14/11/2018 21:27,50.5661,43.09339
14/11/2018 21:30,52.3385,44.12696
14/11/2018 21:33,51.7497,56.0119
14/11/2018 21:36,50.7732,56.7081
14/11/2018 21:39,49.441,57.0224
14/11/2018 21:42,48.5376,56.9327
14/11/2018 21:45,47.5919,56.8379
14/11/2018 21:48,46.6786,57.0489
14/11/2018 21:51,45.8891,57.0881
14/11/2018 21:54,45.0137,56.2094
14/11/2018 21:57,44.2236,56.1028
14/11/2018 22:00,43.4156,56.168503
14/11/2018 22:03,43.221,45.8807
14/11/2018 22:06,44.3844,44.62583
14/11/2018 22:09,46.991,44.3765
14/11/2018 22:12,48.7136,44.689728
14/11/2018 22:15,48.1001,54.9921
14/11/2018 22:18,47.2737,55.7798
14/11/2018 22:21,46.555,55.8204
14/11/2018 22:24,45.9428,55.839302
14/11/2018 22:27,45.1447,55.7097
14/11/2018 22:30,44.2162,56.0624
14/11/2018 22:33,43.7294,56.0405
14/11/2018 22:36,43.1918,56.2071
14/11/2018 22:39,42.6705,46.4339
14/11/2018 22:42,43.0025,45.0528
14/11/2018 22:45,44.55,44.46266
14/11/2018 22:48,47.8345,44.49818
14/11/2018 22:51,49.5419,45.0607
14/11/2018 22:54,50.5788,44.70907
14/11/2018 22:57,51.8391,53.6055
14/11/2018 23:00,51.5492,55.5477
14/11/2018 23:03,50.759,55.4702
14/11/2018 23:06,49.8423,55.4687
14/11/2018 23:09,49.4924,45.8315
14/11/2018 23:12,50.1782,44.97063
14/11/2018 23:15,53.5036,42.97489
14/11/2018 23:18,55.1926,55.004898
14/11/2018 23:21,54.5368,56.0867
14/11/2018 23:24,53.5567,55.799
14/11/2018 23:27,52.6515,56.2496
14/11/2018 23:30,52.9772,44.06316
14/11/2018 23:33,54.3665,55.635498
14/11/2018 23:36,55.0031,57.181
14/11/2018 23:39,53.8913,56.878
14/11/2018 23:42,52.4565,57.0823
14/11/2018 23:45,51.0298,57.3903
14/11/2018 23:48,51.168,45.953598
14/11/2018 23:51,52.1469,44.8348
14/11/2018 23:54,55.4236,44.76395
14/11/2018 23:57,57.0803,44.74271
15/11/2018 00:00,58.4061,44.238922
15/11/2018 00:03,58.1131,56.0524
15/11/2018 00:06,57.1726,56.5495
15/11/2018 00:09,56.1577,56.2442
15/11/2018 00:12,55.0056,57.2481
15/11/2018 00:15,54.1431,57.363
15/11/2018 00:18,54.6163,44.0037
15/11/2018 00:21,56.2891,53.057198
15/11/2018 00:24,57.7132,55.0042
15/11/2018 00:27,56.8005,55.6818
15/11/2018 00:30,55.582,56.252
15/11/2018 00:33,54.613,56.5317
15/11/2018 00:36,53.8768,47.9016
15/11/2018 00:39,54.0049,46.4672
15/11/2018 00:42,55.8546,45.8241
15/11/2018 00:45,57.0635,54.9199
15/11/2018 00:48,56.1028,56.0123
15/11/2018 00:51,55.5766,46.9037
15/11/2018 00:54,56.3185,45.169502
15/11/2018 00:57,56.9919,54.7612
15/11/2018 01:00,56.5063,56.116898
15/11/2018 01:03,55.4389,56.4502
15/11/2018 01:06,54.1371,56.6101
15/11/2018 01:09,53.0168,56.7854
15/11/2018 01:12,51.9185,56.837402
15/11/2018 01:15,50.8302,56.9432
15/11/2018 01:18,49.8369,56.9743
15/11/2018 01:21,48.884,56.986298
15/11/2018 01:24,47.8688,57.0103
15/11/2018 01:27,47.4804,48.024498
15/11/2018 01:30,47.8981,46.507698
15/11/2018 01:33,50.8215,46.109802
15/11/2018 01:36,53.1584,45.660202
15/11/2018 01:39,53.9144,45.4063
15/11/2018 01:42,55.3276,45.3148
15/11/2018 01:45,56.4977,53.1123
15/11/2018 01:48,56.315,54.5108
15/11/2018 01:51,55.7784,54.9448
15/11/2018 01:54,55.0621,56.1662
15/11/2018 01:57,54.4379,56.472702
15/11/2018 02:00,53.7336,56.7235
15/11/2018 02:03,52.6585,57.0138
15/11/2018 02:06,51.7236,56.822098
15/11/2018 02:09,51.5687,47.1032
15/11/2018 02:12,52.3777,44.84065
15/11/2018 02:15,55.5191,43.95747
15/11/2018 02:18,56.5932,53.3619
15/11/2018 02:21,55.7403,55.535103
15/11/2018 02:24,54.8862,56.039
15/11/2018 02:27,54.0555,56.479202
15/11/2018 02:30,52.9901,56.7379
15/11/2018 02:33,51.7475,56.7933
15/11/2018 02:36,50.7754,56.9187
15/11/2018 02:39,50.9898,46.7441
15/11/2018 02:42,52.5387,44.43975
15/11/2018 02:45,55.6557,44.02002
15/11/2018 02:48,56.8213,53.963303
15/11/2018 02:51,56.3783,55.5627
15/11/2018 02:54,55.4697,55.9308
15/11/2018 02:57,54.8474,56.465797
15/11/2018 03:00,54.2657,56.7253
15/11/2018 03:03,53.1293,56.810898
15/11/2018 03:06,52.1436,56.891197
15/11/2018 03:09,52.232,46.154
15/11/2018 03:12,53.8322,44.41009
15/11/2018 03:15,56.8711,54.295097
15/11/2018 03:18,56.5665,55.7732
15/11/2018 03:21,55.2006,56.1404
15/11/2018 03:24,54.1162,56.6823
15/11/2018 03:27,52.9658,56.7696
15/11/2018 03:30,51.8676,56.9017
15/11/2018 03:33,50.7585,56.9572
15/11/2018 03:36,50.852,46.010002
15/11/2018 03:39,52.3525,44.286682
15/11/2018 03:42,55.9921,43.7923
15/11/2018 03:45,57.6154,43.55915
15/11/2018 03:48,57.3614,54.1075
15/11/2018 03:51,56.987,55.6394
15/11/2018 03:54,56.2797,56.0719
15/11/2018 03:57,55.3654,56.5524
15/11/2018 04:00,54.4834,56.7327
15/11/2018 04:03,53.5448,56.8947
15/11/2018 04:06,53.6262,45.9308
15/11/2018 04:09,55.6218,44.216568
15/11/2018 04:12,58.0093,54.2239
15/11/2018 04:15,57.3617,55.8746
15/11/2018 04:18,56.2084,56.167603
15/11/2018 04:21,55.1542,56.5869
15/11/2018 04:24,54.1459,56.759003
15/11/2018 04:27,53.1873,56.8599
15/11/2018 04:30,52.7533,46.6464
15/11/2018 04:33,52.9569,44.84762
15/11/2018 04:36,55.7337,44.11449
15/11/2018 04:39,57.9007,54.320198
15/11/2018 04:42,57.102,55.8073
15/11/2018 04:45,55.8321,56.1382
15/11/2018 04:48,54.532,56.7154
15/11/2018 04:51,53.4028,56.7252
15/11/2018 04:54,52.3203,56.8819
15/11/2018 04:57,51.4,56.872
15/11/2018 05:00,50.6115,56.836
15/11/2018 05:03,50.7832,46.9729
15/11/2018 05:06,51.8697,45.1942
15/11/2018 05:09,55.3338,43.87933
15/11/2018 05:12,57.2271,43.68399
15/11/2018 05:15,56.9197,53.534798
15/11/2018 05:18,56.2522,54.8783
15/11/2018 05:21,55.6882,55.3601
15/11/2018 05:24,54.9946,55.605
15/11/2018 05:27,54.196,55.8521
15/11/2018 05:30,53.4484,55.8961
15/11/2018 05:33,53.3003,46.132698
15/11/2018 05:36,53.7329,44.53854
15/11/2018 05:39,56.7998,46.8884
15/11/2018 05:42,57.6523,54.056
15/11/2018 05:45,56.5493,55.0567
15/11/2018 05:48,55.4604,55.445602
15/11/2018 05:51,54.7531,55.9123
15/11/2018 05:54,53.9867,56.0676
15/11/2018 05:57,53.828,45.997902
15/11/2018 06:00,54.1753,44.41158
15/11/2018 06:03,57.3165,44.12854
15/11/2018 06:06,60.1885,43.63342
15/11/2018 06:09,61.6994,43.32997
15/11/2018 06:12,63.5816,43.16965
15/11/2018 06:15,64.8933,52.6254
15/11/2018 06:18,65.9551,44.43489
15/11/2018 06:21,67.3945,42.78302
15/11/2018 06:24,67.4031,53.972702
15/11/2018 06:27,66.7811,55.605103
15/11/2018 06:30,65.8722,56.0176
15/11/2018 06:33,65.004,56.5754
15/11/2018 06:36,64.0717,56.777397
15/11/2018 06:39,63.1338,56.8592
15/11/2018 06:42,62.1083,56.8854
15/11/2018 06:45,60.9874,57.0064
15/11/2018 06:48,60.1181,57.0169
15/11/2018 06:51,60.1097,46.1634
15/11/2018 06:54,61.438,44.40326
15/11/2018 06:57,65.1271,44.01957
15/11/2018 07:00,66.9935,43.85309
15/11/2018 07:03,67.2216,53.9902
15/11/2018 07:06,66.4763,55.5197
15/11/2018 07:09,65.3334,56.0084
15/11/2018 07:12,64.4525,56.4957
15/11/2018 07:15,63.4047,56.7211
15/11/2018 07:18,62.3592,56.8021
15/11/2018 07:21,61.533,56.7806
15/11/2018 07:24,60.7005,56.964
15/11/2018 07:27,60.1901,47.092
15/11/2018 07:30,60.3303,45.3891
15/11/2018 07:33,63.7842,44.928032
15/11/2018 07:36,66.5756,44.66196
15/11/2018 07:39,67.6545,44.414032
15/11/2018 07:42,69.3284,44.1191
15/11/2018 07:45,70.5518,53.3778
15/11/2018 07:48,70.103,55.2816
15/11/2018 07:51,69.3169,55.814
15/11/2018 07:54,68.4668,56.331
15/11/2018 07:57,67.5195,56.5577
15/11/2018 08:00,66.5716,56.843002
15/11/2018 08:03,65.6968,56.8404
15/11/2018 08:06,65.0872,46.7035
15/11/2018 08:09,66.3265,44.88044
15/11/2018 08:12,69.1084,44.29721
15/11/2018 08:15,68.7929,54.700798
15/11/2018 08:18,67.7968,55.9343
15/11/2018 08:21,66.8004,56.3703
15/11/2018 08:24,65.9252,56.808098
15/11/2018 08:27,65.1223,56.9103
15/11/2018 08:30,64.1579,56.8788
15/11/2018 08:33,63.1974,56.9581
15/11/2018 08:36,62.7141,46.6858
15/11/2018 08:39,64.1941,43.37617
15/11/2018 08:42,67.4819,54.3158
15/11/2018 08:45,67.3126,55.627
15/11/2018 08:48,65.9678,55.2817
15/11/2018 08:51,64.9129,55.780098
15/11/2018 08:54,64.2,55.9067
15/11/2018 08:57,63.6415,56.96
15/11/2018 09:00,64.836,44.66621
15/11/2018 09:03,66.9128,43.35226
15/11/2018 09:06,66.3652,56.5602
15/11/2018 09:09,65.1166,57.2983
15/11/2018 09:12,63.4404,58.1615
15/11/2018 09:15,62.1332,58.4304
15/11/2018 09:18,60.9563,58.4028
15/11/2018 09:21,62.5128,41.74277
15/11/2018 09:24,66.011,42.20567
15/11/2018 09:27,67.2635,54.4874
15/11/2018 09:30,66.1993,55.7128
15/11/2018 09:33,65.0214,55.174103
15/11/2018 09:36,64.09,55.130898
15/11/2018 09:39,63.3841,55.7519
15/11/2018 09:42,62.8088,55.9515
15/11/2018 09:45,62.1356,55.7911
15/11/2018 09:48,61.5578,55.8512
15/11/2018 09:51,60.8835,55.8092
15/11/2018 09:54,60.3582,55.7561
15/11/2018 09:57,59.7789,55.7912
15/11/2018 10:00,60.0291,44.15576
15/11/2018 10:03,62.5863,42.39804
15/11/2018 10:06,65.1937,42.58412
15/11/2018 10:09,64.2312,56.3443
15/11/2018 10:12,63.1072,57.2345
15/11/2018 10:15,61.8564,57.4361
15/11/2018 10:18,60.7326,57.488503
15/11/2018 10:21,59.3994,57.5214
15/11/2018 10:24,58.2185,57.6283
15/11/2018 10:27,57.6234,53.1584
15/11/2018 10:30,57.7541,52.6619
15/11/2018 10:33,58.1785,52.6091
15/11/2018 10:36,58.3493,52.6931
15/11/2018 10:39,58.2186,52.603798
15/11/2018 10:42,58.1585,52.607903
15/11/2018 10:45,58.6703,45.4593
15/11/2018 10:48,60.0204,44.15103
15/11/2018 10:51,61.8842,43.7078
15/11/2018 10:54,61.7231,53.405
15/11/2018 10:57,60.9009,54.9955
15/11/2018 11:00,60.2129,55.317
15/11/2018 11:03,59.8493,55.6279
15/11/2018 11:06,59.3994,55.7703
15/11/2018 11:09,58.7667,53.7317
15/11/2018 11:12,58.7483,53.2858
15/11/2018 11:15,58.7604,53.1963
15/11/2018 11:18,58.6298,53.15
15/11/2018 11:21,58.6579,53.105698
15/11/2018 11:24,59.5681,45.5038
15/11/2018 11:27,61.5603,44.207672
15/11/2018 11:30,61.7634,54.3125
15/11/2018 11:33,61.2297,55.893997
15/11/2018 11:36,60.148,56.292
15/11/2018 11:39,59.2816,56.569298
15/11/2018 11:42,58.3715,56.7351
15/11/2018 11:45,57.5073,56.8825
15/11/2018 11:48,58.9591,43.81582
15/11/2018 11:51,60.1984,52.8792
15/11/2018 11:54,59.8913,54.9411
15/11/2018 11:57,58.9013,55.7972
15/11/2018 12:00,57.8582,57.0313
15/11/2018 12:03,56.7244,57.4572
15/11/2018 12:06,55.7617,57.5528
15/11/2018 12:09,54.7659,57.722702
15/11/2018 12:12,54.3725,46.944702
15/11/2018 12:15,55.6725,44.85825
15/11/2018 12:18,57.4695,44.22367
15/11/2018 12:21,59.1979,43.64884
15/11/2018 12:24,61.2449,43.51133
15/11/2018 12:27,63.4295,42.71629
15/11/2018 12:30,65.3759,42.37466
15/11/2018 12:33,67.0001,52.053802
15/11/2018 12:36,66.8991,54.0234
15/11/2018 12:39,66.0596,55.4634
15/11/2018 12:42,65.1306,56.0825
15/11/2018 12:45,64.1572,56.491898
15/11/2018 12:48,63.2731,56.6395
15/11/2018 12:51,62.535,56.8153
15/11/2018 12:54,64.2158,45.9578
15/11/2018 12:57,66.0877,44.38177
15/11/2018 13:00,66.2499,54.521797
15/11/2018 13:03,65.4665,55.9953
15/11/2018 13:06,64.9482,45.606102
15/11/2018 13:09,66.6403,43.68299
15/11/2018 13:12,66.9405,54.3961
15/11/2018 13:15,66.2233,56.2664
15/11/2018 13:18,65.2784,56.3664
15/11/2018 13:21,64.4041,56.6752
15/11/2018 13:24,63.4804,56.721397
15/11/2018 13:27,62.7565,56.7631
15/11/2018 13:30,64.2104,45.1433
15/11/2018 13:33,66.257,43.308838
15/11/2018 13:36,68.4284,42.91766
15/11/2018 13:39,70.6152,42.64003
15/11/2018 13:42,72.8746,42.48513
15/11/2018 13:45,75.1872,42.38238
15/11/2018 13:48,77.3149,42.22872
15/11/2018 13:51,79.1856,52.412903
15/11/2018 13:54,80.6825,54.7287
15/11/2018 13:57,79.7621,55.4766
15/11/2018 14:00,78.0483,56.0851
15/11/2018 14:03,77.0011,56.3547
15/11/2018 14:06,76.012,56.5624
15/11/2018 14:09,75.2809,56.7156
15/11/2018 14:12,74.1368,56.8145
15/11/2018 14:15,73.1593,57.0636
15/11/2018 14:18,72.1548,56.9898
15/11/2018 14:21,70.9846,56.9697
15/11/2018 14:24,69.3505,60.0532
15/11/2018 14:27,67.351,60.3599
15/11/2018 14:30,65.2791,60.3599
15/11/2018 14:33,63.3575,60.3599
15/11/2018 14:36,61.3134,60.3583
15/11/2018 14:39,60.4435,44.4369
15/11/2018 14:42,62.2694,42.87612
15/11/2018 14:45,65.4215,45.3262
15/11/2018 14:48,65.4041,55.499397
15/11/2018 14:51,64.2489,56.4766
15/11/2018 14:54,63.2115,56.2175
15/11/2018 14:57,62.626,56.2253
15/11/2018 15:00,61.8498,56.2603
15/11/2018 15:03,61.0315,56.2408
15/11/2018 15:06,60.3736,56.3659
15/11/2018 15:09,59.7259,56.515198
15/11/2018 15:12,59.027,56.4655
15/11/2018 15:15,58.1126,56.4487
15/11/2018 15:18,58.4425,44.21255
15/11/2018 15:21,60.5832,42.92341
15/11/2018 15:24,61.5162,55.0695
15/11/2018 15:27,60.4839,56.5047
15/11/2018 15:30,59.3842,56.407898
15/11/2018 15:33,58.4596,56.2771
15/11/2018 15:36,57.7267,56.559402
15/11/2018 15:39,56.7755,56.6003
15/11/2018 15:42,55.9595,56.5923
15/11/2018 15:45,55.0386,56.5428
15/11/2018 15:48,54.3459,56.4762
15/11/2018 15:51,55.9575,45.024498
15/11/2018 15:54,58.1835,44.017372
15/11/2018 15:57,57.6237,56.8714
15/11/2018 16:00,56.4637,57.5456
15/11/2018 16:03,55.4561,58.064102
15/11/2018 16:06,54.5423,58.1541
15/11/2018 16:09,53.2685,58.2474
15/11/2018 16:12,52.1131,58.386
15/11/2018 16:15,50.844,58.402397
15/11/2018 16:18,50.3418,49.0785
15/11/2018 16:21,51.0768,44.08675
15/11/2018 16:24,54.1504,43.808052
15/11/2018 16:27,56.1604,56.327103
15/11/2018 16:30,55.0366,56.7374
15/11/2018 16:33,54.0158,56.2551
15/11/2018 16:36,52.8353,57.1946
15/11/2018 16:39,51.8634,57.4741
15/11/2018 16:42,50.9703,57.609802
15/11/2018 16:45,50.0691,57.5601
15/11/2018 16:48,49.4186,57.8937
15/11/2018 16:51,48.4878,57.7939
15/11/2018 16:54,47.3408,57.8357
15/11/2018 16:57,46.5053,57.839
15/11/2018 17:00,47.7344,45.0323
15/11/2018 17:03,49.7447,44.03748
15/11/2018 17:06,51.7139,44.04975
15/11/2018 17:09,52.0313,55.1077
15/11/2018 17:12,51.1914,55.8095
15/11/2018 17:15,50.4973,55.409
15/11/2018 17:18,50.008,56.0266
15/11/2018 17:21,49.2144,56.012398
15/11/2018 17:24,48.4906,56.0002
15/11/2018 17:27,47.8076,56.1465
15/11/2018 17:30,46.8355,56.141502
15/11/2018 17:33,45.7101,56.6708
15/11/2018 17:36,45.041,56.201
15/11/2018 17:39,44.3919,56.313698
15/11/2018 17:42,45.9052,44.79215
15/11/2018 17:45,47.8132,43.62433
15/11/2018 17:48,48.1813,51.7683
15/11/2018 17:51,48.2872,52.733803
15/11/2018 17:54,48.5491,52.5593
15/11/2018 17:57,48.4004,52.6397
15/11/2018 18:00,48.3287,52.7794
15/11/2018 18:03,48.0288,52.8733
15/11/2018 18:06,48.1872,52.864502
15/11/2018 18:09,48.159,52.717697
15/11/2018 18:12,48.3274,52.790802
15/11/2018 18:15,48.4179,52.8139
15/11/2018 18:18,48.4099,52.874
15/11/2018 18:21,49.1364,44.950188
15/11/2018 18:24,50.946,43.79309
15/11/2018 18:27,53.1545,43.90965
15/11/2018 18:30,54.594,43.92507
15/11/2018 18:33,54.6351,53.012
15/11/2018 18:36,54.1754,53.9898
15/11/2018 18:39,54.1019,53.9181
15/11/2018 18:42,53.741,54.0797
15/11/2018 18:45,53.6271,53.912598
15/11/2018 18:48,53.3506,53.9208
15/11/2018 18:51,53.1597,54.013298
15/11/2018 18:54,52.8676,54.0695
15/11/2018 18:57,52.6318,54.034203
15/11/2018 19:00,52.528,54.188103
15/11/2018 19:03,52.0367,56.238503
15/11/2018 19:06,51.5281,56.6128
15/11/2018 19:09,53.1076,45.0667
15/11/2018 19:12,55.3192,43.76735
15/11/2018 19:15,56.7957,44.15425
15/11/2018 19:18,58.5763,43.91327
15/11/2018 19:21,58.0653,55.3107
15/11/2018 19:24,57.1961,55.7676
15/11/2018 19:27,56.7329,55.9607
15/11/2018 19:30,56.0107,56.0829
15/11/2018 19:33,55.138,56.2896
15/11/2018 19:36,54.2447,56.4516
15/11/2018 19:39,53.4598,56.6202
15/11/2018 19:42,52.5015,56.5073
15/11/2018 19:45,51.7672,56.5136
15/11/2018 19:48,50.935,56.5539
15/11/2018 19:51,50.088,56.5922
15/11/2018 19:54,51.4144,45.1004
15/11/2018 19:57,53.6662,43.90309
15/11/2018 20:00,55.5648,44.02953
15/11/2018 20:03,57.1358,44.07088
15/11/2018 20:06,57.802,55.233902
15/11/2018 20:09,57.5047,56.0672
15/11/2018 20:12,56.664,55.4952
15/11/2018 20:15,55.729,55.9364
15/11/2018 20:18,54.8498,56.1689
15/11/2018 20:21,54.1781,56.5772
15/11/2018 20:24,53.5057,56.4825
15/11/2018 20:27,52.7784,56.584602
15/11/2018 20:30,51.9754,56.583702
15/11/2018 20:33,50.985,56.568398
15/11/2018 20:36,50.2228,56.6954
15/11/2018 20:39,50.626,45.4437
15/11/2018 20:42,53.1789,43.95362
15/11/2018 20:45,54.3421,55.6776
15/11/2018 20:48,53.2234,56.2847
15/11/2018 20:51,52.1543,56.4585
15/11/2018 20:54,51.1298,56.832
15/11/2018 20:57,50.2495,56.7703
15/11/2018 21:00,49.1495,57.0009
15/11/2018 21:03,47.9513,57.0437
15/11/2018 21:06,47.1468,57.0315
15/11/2018 21:09,46.3973,57.1392
15/11/2018 21:12,45.3845,57.046402
15/11/2018 21:15,44.5411,57.0588
15/11/2018 21:18,44.8169,45.7576
15/11/2018 21:21,47.2145,44.50549
15/11/2018 21:24,49.6916,44.82714
15/11/2018 21:27,49.1229,52.7266
15/11/2018 21:30,48.8578,53.544502
15/11/2018 21:33,48.4388,53.424103
15/11/2018 21:36,48.5407,53.472298
15/11/2018 21:39,48.5938,53.6558
15/11/2018 21:42,48.2499,53.7726
15/11/2018 21:45,48.048,53.6483
15/11/2018 21:48,47.9435,53.8219
15/11/2018 21:51,47.6783,53.7723
15/11/2018 21:54,47.5638,53.627
15/11/2018 21:57,47.3739,53.700798
15/11/2018 22:00,48.6426,45.5355
15/11/2018 22:03,50.5996,44.55831
15/11/2018 22:06,50.9174,53.3124
15/11/2018 22:09,50.6216,54.2265
15/11/2018 22:12,50.1974,53.9099
15/11/2018 22:15,49.7247,54.1119
15/11/2018 22:18,49.3227,54.1364
15/11/2018 22:21,49.142,54.721397
15/11/2018 22:24,48.8256,54.503403
15/11/2018 22:27,48.3109,54.449898
15/11/2018 22:30,48.135,54.3207
15/11/2018 22:33,47.9304,54.4222
15/11/2018 22:36,47.8434,47.0599
15/11/2018 22:39,49.0056,44.87437
15/11/2018 22:42,51.4918,44.7399
15/11/2018 22:45,52.2744,53.3392
15/11/2018 22:48,51.8515,54.137398
15/11/2018 22:51,51.3904,54.2591
15/11/2018 22:54,51.2471,54.1603
15/11/2018 22:57,50.7722,54.2784
15/11/2018 23:00,50.4547,54.314
15/11/2018 23:03,50.06,54.7014
15/11/2018 23:06,49.5448,54.5508
15/11/2018 23:09,49.5628,46.0116
15/11/2018 23:12,51.1746,44.912132
15/11/2018 23:15,53.0477,51.822098
15/11/2018 23:18,52.9244,54.2845
15/11/2018 23:21,52.3342,54.2723
15/11/2018 23:24,51.8279,54.2616
15/11/2018 23:27,51.4626,54.4921
15/11/2018 23:30,50.9736,54.448097
15/11/2018 23:33,50.6238,54.6093
15/11/2018 23:36,51.163,45.7879
15/11/2018 23:39,53.1878,44.84117
15/11/2018 23:42,55.3363,45.1149
15/11/2018 23:45,55.5681,55.2104
15/11/2018 23:48,55.3182,55.832703
15/11/2018 23:51,54.6068,56.095
15/11/2018 23:54,53.8027,56.3037
15/11/2018 23:57,54.0032,44.66006
16/11/2018 00:00,53.5466,53.5978
16/11/2018 00:03,54.293,54.553802
16/11/2018 00:06,54.2829,54.1938
16/11/2018 00:09,53.6482,54.465797
16/11/2018 00:12,53.3634,54.6239
16/11/2018 00:15,53.7085,44.77078
16/11/2018 00:18,54.3066,43.90618
16/11/2018 00:21,55.9982,53.6554
16/11/2018 00:24,56.6992,54.478
16/11/2018 00:27,56.2127,54.3761
16/11/2018 00:30,55.41,54.6166
16/11/2018 00:33,55.0326,44.58808
16/11/2018 00:36,55.6728,43.97281
16/11/2018 00:39,58.1561,55.422897
16/11/2018 00:42,59.6523,56.5344
16/11/2018 00:45,58.597,56.013702
16/11/2018 00:48,57.7751,44.78506
16/11/2018 00:51,57.5306,43.85019
16/11/2018 00:54,58.4717,55.6448
16/11/2018 00:57,59.683,56.664803
16/11/2018 01:00,59.2112,44.863808
16/11/2018 01:03,59.1583,43.94159
16/11/2018 01:06,58.6196,56.6808
16/11/2018 01:09,59.4275,57.2601
16/11/2018 01:12,59.0486,45.0658
16/11/2018 01:15,58.7206,50.1978
16/11/2018 01:18,58.4053,57.9459
16/11/2018 01:21,58.1267,58.395203
16/11/2018 01:24,56.9563,44.95383
16/11/2018 01:27,56.7661,44.12828
16/11/2018 01:30,57.5272,57.477303
16/11/2018 01:33,58.1501,57.9417
16/11/2018 01:36,56.3814,48.2598
16/11/2018 01:39,55.6875,44.38309
16/11/2018 01:42,55.4663,57.5008
16/11/2018 01:45,56.3807,58.334297
16/11/2018 01:48,55.6449,45.4456
16/11/2018 01:51,54.4692,57.73
16/11/2018 01:54,55.3883,45.5
16/11/2018 01:57,55.4133,43.95998
16/11/2018 02:00,56.4198,58.010002
16/11/2018 02:03,58.8564,58.4567
16/11/2018 02:06,58.8626,45.6018
16/11/2018 02:09,58.0199,43.9973
16/11/2018 02:12,59.3654,43.92411
16/11/2018 02:15,62.0389,44.12927
16/11/2018 02:18,65.3265,44.15497
16/11/2018 02:21,67.4261,44.10929
16/11/2018 02:24,68.6446,43.995018
16/11/2018 02:27,70.3244,44.21163
16/11/2018 02:30,72.1571,57.2041
16/11/2018 02:33,72.0239,45.205498
16/11/2018 02:36,72.8004,44.09662
16/11/2018 02:39,72.7353,57.4505
16/11/2018 02:42,72.4579,58.600502
16/11/2018 02:45,70.4472,59.1972
16/11/2018 02:48,69.116,45.5491
16/11/2018 02:51,68.5219,44.20065
16/11/2018 02:54,70.6895,57.8105
16/11/2018 02:57,71.201,58.6619
16/11/2018 03:00,69.6747,48.552902
16/11/2018 03:03,69.1371,44.332092
16/11/2018 03:06,68.6518,58.3801
16/11/2018 03:09,68.8917,45.2823
16/11/2018 03:12,68.8272,43.68203
16/11/2018 03:15,68.9583,57.882202
16/11/2018 03:18,69.2603,45.3907
16/11/2018 03:21,68.8472,58.618
16/11/2018 03:24,68.411,45.1144
16/11/2018 03:27,68.7841,57.0396
16/11/2018 03:30,68.0637,59.3069
16/11/2018 03:33,68.277,51.8625
16/11/2018 03:36,67.1475,58.7514
16/11/2018 03:39,67.1164,44.83578
16/11/2018 03:42,66.0584,58.2791
16/11/2018 03:45,66.6813,45.3259
16/11/2018 03:48,67.5695,43.66566
16/11/2018 03:51,71.2272,58.059998
16/11/2018 03:54,71.1036,56.0555
16/11/2018 03:57,69.9595,44.59322
16/11/2018 04:00,68.8862,58.0009
16/11/2018 04:03,68.7209,59.338303
16/11/2018 04:06,68.0738,53.7862
16/11/2018 04:09,67.1618,59.149597
16/11/2018 04:12,67.0147,45.0572
16/11/2018 04:15,66.004,58.3941
16/11/2018 04:18,66.3079,45.0382
16/11/2018 04:21,66.3251,58.543503
16/11/2018 04:24,66.7514,59.3599
16/11/2018 04:27,66.7875,45.0549
16/11/2018 04:30,66.2977,58.3034
16/11/2018 04:33,67.1621,44.989258
16/11/2018 04:36,67.4071,58.4976
16/11/2018 04:39,67.8075,45.2334
16/11/2018 04:42,68.1618,58.2799
16/11/2018 04:45,67.7707,59.3897
16/11/2018 04:48,66.8461,44.85472
16/11/2018 04:51,66.4233,43.61478
16/11/2018 04:54,66.8899,58.315002
16/11/2018 04:57,68.1866,58.8923
16/11/2018 05:00,67.2937,46.100098
16/11/2018 05:03,66.8048,43.65583
16/11/2018 05:06,66.3739,53.492
16/11/2018 05:09,67.6612,54.5299
16/11/2018 05:12,68.052,44.46856
16/11/2018 05:15,69.6115,43.39153
16/11/2018 05:18,69.9946,54.1198
16/11/2018 05:21,69.4717,55.005302
16/11/2018 05:24,68.6194,55.7387
16/11/2018 05:27,68.3304,44.7271
16/11/2018 05:30,69.556,53.8356
16/11/2018 05:33,70.2232,55.1644
16/11/2018 05:36,69.1951,58.2659
16/11/2018 05:39,67.9771,50.1657
16/11/2018 05:42,67.648,44.12885
16/11/2018 05:45,68.6404,58.1519
16/11/2018 05:48,68.9294,58.6362
16/11/2018 05:51,67.4368,45.5884
16/11/2018 05:54,66.7247,58.4441
16/11/2018 05:57,66.1067,59.5425
16/11/2018 06:00,65.1612,59.4087
16/11/2018 06:03,63.2359,59.3944
16/11/2018 06:06,62.3099,45.1205
16/11/2018 06:09,62.2188,43.4825
16/11/2018 06:12,67.3038,43.49953
16/11/2018 06:15,70.5865,43.53872
16/11/2018 06:18,70.5124,58.3127
16/11/2018 06:21,69.4956,58.7533
16/11/2018 06:24,67.9248,58.107002
16/11/2018 06:27,66.1697,58.5471
16/11/2018 06:30,64.5827,59.2181
16/11/2018 06:33,63.0831,50.259
16/11/2018 06:36,62.8569,44.04551
16/11/2018 06:39,64.8862,43.56311
16/11/2018 06:42,70.1796,43.3351
16/11/2018 06:45,69.9173,57.6694
16/11/2018 06:48,67.8201,58.286102
16/11/2018 06:51,65.8036,58.5216
16/11/2018 06:54,63.8542,59.243797
16/11/2018 06:57,63.5119,45.6016
16/11/2018 07:00,63.3518,58.2399
16/11/2018 07:03,64.0879,58.7942
16/11/2018 07:06,63.2564,58.799103
16/11/2018 07:09,61.5275,59.072
16/11/2018 07:12,59.8057,48.0979
16/11/2018 07:15,59.6424,43.68171
16/11/2018 07:18,60.7753,43.20366
16/11/2018 07:21,62.8585,57.4884
16/11/2018 07:24,61.952,58.2387
16/11/2018 07:27,59.7756,58.5626
16/11/2018 07:30,57.5864,59.164497
16/11/2018 07:33,55.9764,45.5572
16/11/2018 07:36,55.8952,43.77584
16/11/2018 07:39,56.3205,58.409798
16/11/2018 07:42,57.9247,58.6743
16/11/2018 07:45,57.1869,54.7763
16/11/2018 07:48,56.6892,59.2571
16/11/2018 07:51,55.5053,59.2604
16/11/2018 07:54,54.9634,59.1979
16/11/2018 07:57,54.6185,44.99736
16/11/2018 08:00,54.1176,57.1535
16/11/2018 08:03,54.9396,58.899902
16/11/2018 08:06,55.0073,58.3388
16/11/2018 08:09,54.3567,44.98401
16/11/2018 08:12,52.8859,56.832703
16/11/2018 08:15,53.7325,45.2978
16/11/2018 08:18,53.9757,56.595802
16/11/2018 08:21,55.636,56.635597
16/11/2018 08:24,55.3558,56.2789
16/11/2018 08:27,54.6678,44.44478
16/11/2018 08:30,54.346,55.7763
16/11/2018 08:33,54.3796,56.8554
16/11/2018 08:36,55.1708,43.01881
16/11/2018 08:39,55.6811,55.0294
16/11/2018 08:42,56.0873,57.4427
16/11/2018 08:45,55.6819,56.7229
16/11/2018 08:48,55.872,43.64483
16/11/2018 08:51,54.7267,56.1861
16/11/2018 08:54,55.2447,57.1242
16/11/2018 08:57,54.6667,46.8061
16/11/2018 09:00,54.8426,42.695282
16/11/2018 09:03,54.1497,56.1239
16/11/2018 09:06,54.6909,57.232903
16/11/2018 09:09,53.9901,56.7047
16/11/2018 09:12,53.9976,44.52942
16/11/2018 09:15,55.1143,43.10366
16/11/2018 09:18,58.2942,55.0819
16/11/2018 09:21,58.5214,56.225098
16/11/2018 09:24,57.075,55.8058
16/11/2018 09:27,54.8008,56.397102
16/11/2018 09:30,53.0035,56.6665
16/11/2018 09:33,54.0234,44.49144
16/11/2018 09:36,58.4879,43.0554
16/11/2018 09:39,63.0802,43.1516
16/11/2018 09:42,64.6767,43.11847
16/11/2018 09:45,64.6789,57.5508
16/11/2018 09:48,63.7166,58.463303
16/11/2018 09:51,62.3964,57.5711
16/11/2018 09:54,61.0034,57.7127
16/11/2018 09:57,61.522,44.55672
16/11/2018 10:00,63.9854,56.2156
16/11/2018 10:03,64.0358,56.932
16/11/2018 10:06,62.3938,56.545998
16/11/2018 10:09,60.956,56.8459
16/11/2018 10:12,60.495,43.73177
16/11/2018 10:15,62.4155,42.13823
16/11/2018 10:18,64.9637,42.32161
16/11/2018 10:21,66.8571,42.44292
16/11/2018 10:24,68.8266,42.60035
16/11/2018 10:27,70.933,42.238472
16/11/2018 10:30,71.8457,53.379898
16/11/2018 10:33,71.2064,55.0242
16/11/2018 10:36,70.5765,55.7756
16/11/2018 10:39,69.6518,56.292297
16/11/2018 10:42,68.7053,56.621902
16/11/2018 10:45,68.8998,45.7541
16/11/2018 10:48,70.5477,43.74916
16/11/2018 10:51,70.3113,54.660103
16/11/2018 10:54,69.2504,56.2174
16/11/2018 10:57,68.3802,56.441902
16/11/2018 11:00,67.5413,56.6485
16/11/2018 11:03,66.8168,56.7766
16/11/2018 11:06,66.0448,56.9476
16/11/2018 11:09,65.4991,56.9151
16/11/2018 11:12,65.5962,44.41045
16/11/2018 11:15,67.9755,43.03442
16/11/2018 11:18,69.9397,45.9591
16/11/2018 11:21,68.6585,56.923203
16/11/2018 11:24,67.1884,58.0485
16/11/2018 11:27,65.9905,57.989
16/11/2018 11:30,64.7667,57.9203
16/11/2018 11:33,63.8069,57.978203
16/11/2018 11:36,62.7346,57.9877
16/11/2018 11:39,62.2108,57.9287
16/11/2018 11:42,61.1319,58.0094
16/11/2018 11:45,59.9485,58.0089
16/11/2018 11:48,58.6176,58.0406
16/11/2018 11:51,58.391,46.4852
16/11/2018 11:54,59.8474,44.24216
16/11/2018 11:57,62.3704,43.43404
16/11/2018 12:00,63.3146,53.6936
16/11/2018 12:03,62.7079,55.5663
16/11/2018 12:06,61.7084,56.070198
16/11/2018 12:09,60.8933,56.4776
16/11/2018 12:12,59.8703,56.6823
16/11/2018 12:15,59.317,56.7625
16/11/2018 12:18,58.2796,56.778297
16/11/2018 12:21,57.2341,56.9366
16/11/2018 12:24,56.1888,56.9438
16/11/2018 12:27,55.2815,56.9964
16/11/2018 12:30,54.3832,56.9301
16/11/2018 12:33,55.1038,45.6745
16/11/2018 12:36,56.0461,54.4998
16/11/2018 12:39,55.5953,56.014603
16/11/2018 12:42,54.7736,56.368797
16/11/2018 12:45,54.1177,56.6515
16/11/2018 12:48,53.5848,56.763702
16/11/2018 12:51,52.6624,56.799202
16/11/2018 12:54,51.885,56.8537
16/11/2018 12:57,51.226,56.975
16/11/2018 13:00,50.1024,56.9833
16/11/2018 13:03,49.3152,57.0442
16/11/2018 13:06,48.0895,56.923203
16/11/2018 13:09,47.2379,57.0051
16/11/2018 13:12,46.7626,56.9401
16/11/2018 13:15,46.7811,45.8707
16/11/2018 13:18,47.818,43.75487
16/11/2018 13:21,51.3707,43.04592
16/11/2018 13:24,52.672,52.6483
16/11/2018 13:27,52.1091,54.469498
16/11/2018 13:30,51.5802,55.057
16/11/2018 13:33,50.9599,55.3522
16/11/2018 13:36,50.1226,55.596703
16/11/2018 13:39,48.9362,55.6959
16/11/2018 13:42,48.4687,55.8341
16/11/2018 13:45,47.9279,56.0033
16/11/2018 13:48,47.1499,56.0011
16/11/2018 13:51,46.6173,56.0018
16/11/2018 13:54,46.498,55.9973
16/11/2018 13:57,46.0371,55.9476
16/11/2018 14:00,45.6479,53.6575
16/11/2018 14:03,45.7138,51.6815
16/11/2018 14:06,47.5427,43.6873
16/11/2018 14:09,49.5478,44.33052
16/11/2018 14:12,51.0816,46.1605
16/11/2018 14:15,51.7173,49.6192
16/11/2018 14:18,52.2297,51.8713
16/11/2018 14:21,52.2533,52.5125
16/11/2018 14:24,52.1336,52.635597
16/11/2018 14:27,52.3853,52.7051
16/11/2018 14:30,52.5326,52.8437
16/11/2018 14:33,53.0244,52.879898
16/11/2018 14:36,53.79,53.817802
16/11/2018 14:39,53.5336,54.3881
16/11/2018 14:42,52.7845,54.5462
16/11/2018 14:45,52.3633,54.7053
16/11/2018 14:48,51.9233,54.864098
16/11/2018 14:51,51.4759,54.8455
16/11/2018 14:54,50.9127,54.9192
16/11/2018 14:57,50.5967,54.9571
16/11/2018 15:00,50.0583,54.920403
16/11/2018 15:03,50.9586,45.1239
16/11/2018 15:06,51.976,52.904602
16/11/2018 15:09,51.649,55.8096
16/11/2018 15:12,50.6264,56.319298
16/11/2018 15:15,49.6553,56.494698
16/11/2018 15:18,48.8333,56.7272
16/11/2018 15:21,48.0299,56.806
16/11/2018 15:24,47.2189,56.8811
16/11/2018 15:27,46.274,56.9545
16/11/2018 15:30,45.6824,56.9569
16/11/2018 15:33,45.1972,56.9268
16/11/2018 15:36,46.038,47.694
16/11/2018 15:39,47.6652,46.0294
16/11/2018 15:42,49.0815,45.9033
16/11/2018 15:45,50.3355,45.65
16/11/2018 15:48,51.6249,45.2037
16/11/2018 15:51,53.3293,45.214798
16/11/2018 15:54,54.7713,45.1479
16/11/2018 15:57,56.1009,45.1301
16/11/2018 16:00,57.1235,50.8136
16/11/2018 16:03,57.2296,53.5242
16/11/2018 16:06,56.8132,54.1195
16/11/2018 16:09,56.2705,54.418503
16/11/2018 16:12,55.9064,54.6381
16/11/2018 16:15,57.5428,45.4677
16/11/2018 16:18,59.2984,43.90656
16/11/2018 16:21,59.9288,52.495598
16/11/2018 16:24,59.6502,54.048203
16/11/2018 16:27,59.0274,54.3
16/11/2018 16:30,58.5316,54.5411
16/11/2018 16:33,57.9711,54.7205
16/11/2018 16:36,57.7228,54.8848
16/11/2018 16:39,57.3007,54.9323
16/11/2018 16:42,58.1587,47.3497
16/11/2018 16:45,60.5315,42.94119
16/11/2018 16:48,62.6278,48.1994
16/11/2018 16:51,62.0457,54.5849
16/11/2018 16:54,61.2838,55.806297
16/11/2018 16:57,60.5302,56.277
16/11/2018 17:00,59.8857,56.5569
16/11/2018 17:03,59.0626,56.795097
16/11/2018 17:06,58.727,47.4329
16/11/2018 17:09,60.0723,45.429
16/11/2018 17:12,62.3498,44.92743
16/11/2018 17:15,62.6173,53.5719
16/11/2018 17:18,62.0131,55.0834
16/11/2018 17:21,61.2904,55.4576
16/11/2018 17:24,60.5691,55.6914
16/11/2018 17:27,60.6077,47.0512
16/11/2018 17:30,61.8476,45.4231
16/11/2018 17:33,61.8361,53.8684
16/11/2018 17:36,61.1156,55.206398
16/11/2018 17:39,60.1613,55.5648
16/11/2018 17:42,60.6814,46.9103
16/11/2018 17:45,62.2312,45.0589
16/11/2018 17:48,63.6364,44.87353
16/11/2018 17:51,63.1173,55.196503
16/11/2018 17:54,61.9565,56.908302
16/11/2018 17:57,62.5974,46.6673
16/11/2018 18:00,64.3154,44.86219
16/11/2018 18:03,66.1428,44.79928
16/11/2018 18:06,67.736,44.40655
16/11/2018 18:09,69.669,44.24648
16/11/2018 18:12,70.7756,54.2667
16/11/2018 18:15,70.0639,56.4048
16/11/2018 18:18,69.0297,52.076202
16/11/2018 18:21,69.7039,55.2359
16/11/2018 18:24,69.1657,57.216698
16/11/2018 18:27,67.9969,57.7145
16/11/2018 18:30,66.6316,58.0396
16/11/2018 18:33,65.47,58.2057
16/11/2018 18:36,66.2991,46.5351
16/11/2018 18:39,67.8816,55.5963
16/11/2018 18:42,67.3609,57.2841
16/11/2018 18:45,65.8637,57.7076
16/11/2018 18:48,64.4191,58.0018
16/11/2018 18:51,63.1209,58.2015
16/11/2018 18:54,63.4005,46.5005
16/11/2018 18:57,65.2548,52.8769
16/11/2018 19:00,65.051,56.574898
16/11/2018 19:03,63.711,57.1102
16/11/2018 19:06,62.5564,57.48
16/11/2018 19:09,62.4147,46.8907
16/11/2018 19:12,63.9752,46.1108
16/11/2018 19:15,64.1997,54.8692
16/11/2018 19:18,63.0698,56.997498
16/11/2018 19:21,62.1149,56.434
16/11/2018 19:24,62.6683,45.7713
16/11/2018 19:27,62.4567,55.4977
16/11/2018 19:30,61.8406,57.8519
16/11/2018 19:33,60.5052,58.307198
16/11/2018 19:36,59.9336,46.7411
16/11/2018 19:39,59.179,55.8854
16/11/2018 19:42,59.525,57.229202
16/11/2018 19:45,58.8595,57.504997
16/11/2018 19:48,58.7288,46.3796
16/11/2018 19:51,59.4164,44.347992
16/11/2018 19:54,60.0853,55.3301
16/11/2018 19:57,59.5602,57.0808
16/11/2018 20:00,58.8925,46.203
16/11/2018 20:03,57.9369,55.5517
16/11/2018 20:06,57.4882,57.172
16/11/2018 20:09,56.5108,57.4653
16/11/2018 20:12,56.225,46.420998
16/11/2018 20:15,56.2172,44.6369
16/11/2018 20:18,56.373,55.4962
16/11/2018 20:21,56.5442,57.1364
16/11/2018 20:24,55.6907,46.579002
16/11/2018 20:27,55.0108,55.7265
16/11/2018 20:30,53.9521,57.21
16/11/2018 20:33,53.1552,57.446198
16/11/2018 20:36,51.9736,57.719803
16/11/2018 20:39,51.4361,46.4746
16/11/2018 20:42,51.2081,44.47715
16/11/2018 20:45,52.2729,55.4719
16/11/2018 20:48,52.8851,57.177902
16/11/2018 20:51,52.409,46.5685
16/11/2018 20:54,51.7945,55.5691
16/11/2018 20:57,51.3943,57.1185
16/11/2018 21:00,51.1851,57.3838
16/11/2018 21:03,50.185,57.6336
16/11/2018 21:06,49.5922,46.5151
16/11/2018 21:09,49.5153,44.62926
16/11/2018 21:12,50.5567,53.665398
16/11/2018 21:15,52.1617,55.1537
16/11/2018 21:18,51.9678,55.4211
16/11/2018 21:21,50.9129,55.689
16/11/2018 21:24,50.4799,56.0278
16/11/2018 21:27,49.683,56.335197
16/11/2018 21:30,49.1142,56.611298
16/11/2018 21:33,48.0585,56.7347
16/11/2018 21:36,47.3285,45.9405
16/11/2018 21:39,47.9154,43.9132
16/11/2018 21:42,49.0767,53.6013
16/11/2018 21:45,49.2764,55.218597
16/11/2018 21:48,48.1411,54.7716
16/11/2018 21:51,47.8091,45.9851
16/11/2018 21:54,48.9769,44.32557
16/11/2018 21:57,51.1068,49.442
16/11/2018 22:00,51.1351,51.926598
16/11/2018 22:03,50.8095,52.391
16/11/2018 22:06,50.6297,52.606102
16/11/2018 22:09,50.5853,52.8151
16/11/2018 22:12,51.455,45.1245
16/11/2018 22:15,53.2841,47.5649
16/11/2018 22:18,54.33,49.2412
16/11/2018 22:21,54.1953,52.0113
16/11/2018 22:24,54.2526,52.5859
16/11/2018 22:27,54.2631,52.657402
16/11/2018 22:30,54.4371,45.6205
16/11/2018 22:33,55.0568,49.2268
16/11/2018 22:36,55.8079,51.3869
16/11/2018 22:39,56.238,53.232597
16/11/2018 22:42,55.704,53.6876
16/11/2018 22:45,55.1222,53.7334
16/11/2018 22:48,54.9435,50.685
16/11/2018 22:51,54.7101,54.0645
16/11/2018 22:54,54.6262,54.647102
16/11/2018 22:57,54.1732,54.7757
16/11/2018 23:00,53.4581,55.628098
16/11/2018 23:03,53.6024,46.0267
16/11/2018 23:06,53.5722,54.275497
16/11/2018 23:09,54.8416,55.8603
16/11/2018 23:12,54.9273,56.2694
16/11/2018 23:15,53.7901,56.8683
16/11/2018 23:18,52.6935,46.5726
16/11/2018 23:21,52.7303,44.617012
16/11/2018 23:24,53.0363,53.3751
16/11/2018 23:27,54.2585,54.7714
16/11/2018 23:30,54.5889,55.3353
16/11/2018 23:33,53.5814,55.513397
16/11/2018 23:36,52.7321,46.2526
16/11/2018 23:39,52.833,44.53556
16/11/2018 23:42,53.5621,51.8347
16/11/2018 23:45,55.3005,53.0884
16/11/2018 23:48,55.9883,53.4725
16/11/2018 23:51,55.6235,54.8782
16/11/2018 23:54,55.8293,46.026398
16/11/2018 23:57,55.8468,54.2776
